0361 7789345;+49 361 7789345
+49 361 9786543;+49 361 9786543
0361 1254323;+49 361 1254323
0361.7860342;+49 361 7860342
0361 54 62 341;+49 361 5462341
0361.2413545;+49 361 2413545
(0361) 7890521;+49 361 7890521
0136-7643523;+49 361 7643523
0136-945 7294;+49 361 9457294
+49 (0)361 7584231;+49 361 7584231
0361 9876542;+49 361 9876542
0361 5647382;+49 361 5647382
0361 1122334;+49 361 1122334
0361 5566778;+49 361 5566778
0361 7788991;+49 361 7788991
0361 3344556;+49 361 3344556
0361 6655443;+49 361 6655443
0361 9988776;+49 361 9988776
0361 4433221;+49 361 4433221
0361 8899002;+49 361 8899002
0361-3456789;+49 361 3456789
0361-9081726;+49 361 9081726
0361-8273645;+49 361 8273645
0361-5647389;+49 361 5647389
0361-2134567;+49 361 2134567
0361-9876432;+49 361 9876432
0361-7458290;+49 361 7458290
0361-2143654;+49 361 2143654
0361-6574839;+49 361 6574839
0361-3124567;+49 361 3124567
+49 361 9876543;+49 361 9876543
+49 361 7766554;+49 361 7766554
+49 361 9081726;+49 361 9081726
+49 361 8473625;+49 361 8473625
+49 361 1123456;+49 361 1123456
+49 361 3344556;+49 361 3344556
+49 361 9988776;+49 361 9988776
+49 361 8877665;+49 361 8877665
+49 361 2135467;+49 361 2135467
+49 361 4765982;+49 361 4765982
0361 23 45 678;+49 361 2345678
0361 45 67 890;+49 361 4567890
0361 56 78 912;+49 361 5678912
0361 78 90 123;+49 361 7890123
0361 34 56 789;+49 361 3456789
0361 67 89 012;+49 361 6789012
0361 23 45 987;+49 361 2345987
0361 89 01 234;+49 361 8901234
0361 12 34 456;+49 361 1234456
0361 56 78 321;+49 361 5678321
0361.9081726;+49 361 9081726
0361.9988776;+49 361 9988776
0361.7462843;+49 361 7462843
0361.5647389;+49 361 5647389
0361.3344556;+49 361 3344556
0361.1122334;+49 361 1122334
0361.7766554;+49 361 7766554
0361.8877665;+49 361 8877665
0361.6655443;+49 361 6655443
0361.9081726;+49 361 9081726
(0361) 8273645;+49 361 8273645
(0361) 9081726;+49 361 9081726
(0361) 7458290;+49 361 7458290
(0361) 1123456;+49 361 1123456
(0361) 9876432;+49 361 9876432
(0361) 3344556;+49 361 3344556
(0361) 6655443;+49 361 6655443
(0361) 9988776;+49 361 9988776
(0361) 5678901;+49 361 5678901
(0361) 4433221;+49 361 4433221
0361/2134567;+49 361 2134567
0361/9876543;+49 361 9876543
0361/9081726;+49 361 9081726
0361/3344556;+49 361 3344556
0361/1123456;+49 361 1123456
0361/9988776;+49 361 9988776
0361/7766554;+49 361 7766554
0361/1122334;+49 361 1122334
0361/5647389;+49 361 5647389
0361/4433221;+49 361 4433221
0049 361 9988776;+49 361 9988776
0049 361 3344556;+49 361 3344556
0049 361 9876432;+49 361 9876432
0049 361 8273645;+49 361 8273645
0049 361 7458290;+49 361 7458290
0049 361 4433021;+49 361 4433021
0049 361 8877665;+49 361 8877665
0049 361 1123456;+49 361 1123456
0049 361 7766554;+49 361 7766554
0049 361 9988776;+49 361 9988776
0361-908 1726;+49 361 9081726
0361-911 8776;+49 361 9118776
0361-827 3645;+49 361 8273645
0361-564 7389;+49 361 5647389
0361-334 4556;+49 361 3344556
0361-887 7665;+49 361 8877665
0361-665 5443;+49 361 6655443
0361-746 2843;+49 361 7462843
0361-213 4567;+49 361 2134567
0361-476 5982;+49 361 4765982
+49 (0)361 9421726;+49 361 9421726
+49 (0)361 9944776;+49 361 9944776
+49 (0)361 3344556;+49 361 3344556
+49 (0)361 1122334;+49 361 1122334
+49 (0)361 7766054;+49 361 7766054
+49 (0)361 5678901;+49 361 5678901
+49 (0)361 8273645;+49 361 8273645
+49 (0)361 1123456;+49 361 1123456
+49 (0)361 9876432;+49 361 9876432
+49 (0)361 4433221;+49 361 4433221
